[
  {
    "_id": {
      "$oid": "660ae7d97406a59b99f54d95"
    },
    "id": "F-2020120001",
    "user": {
      "$oid": "660ae7d87406a59b99f54d93"
    },
    "designation": "research professor",
    "name": {
      "firstName": "MD",
      "middleName": "Faisal",
      "lastName": "Amin",
      "_id": {
        "$oid": "660ae7d97406a59b99f54d96"
      }
    },
    "gender": "male",
    "dateOfBirth": {
      "$date": "1995-05-12T00:00:00.000Z"
    },
    "email": "faisal@gmail.com",
    "contactNo": "+525512345679",
    "emergencyContactNo": "+525512345679",
    "bloodGroup": "A+",
    "presentAddress": "Dhanmondi",
    "permanentAddress": "Jessore",
    "profileImage": "www.profileImage.com",
    "academicDepartment": {
      "$oid": "65fdb5d9636d39483a9f2b73"
    },
    "joiningDate": {
      "$date": "2020-12-13T00:00:00.000Z"
    },
    "nationality": "Bangladeshi",
    "religion": "Islam",
    "isDeleted": false,
    "createdAt": {
      "$date": "2024-04-01T16:59:05.571Z"
    },
    "updatedAt": {
      "$date": "2024-04-01T16:59:05.571Z"
    },
    "__v": 0
  },
  {
    "_id": {
      "$oid": "660ae82b5328001826f5beb7"
    },
    "id": "F-2005040002",
    "user": {
      "$oid": "660ae82a5328001826f5beb5"
    },
    "designation": "lecturer",
    "name": {
      "firstName": "Harry",
      "middleName": "Potter",
      "lastName": "Doe",
      "_id": {
        "$oid": "660ae82b5328001826f5beb8"
      }
    },
    "gender": "male",
    "dateOfBirth": {
      "$date": "1995-05-12T00:00:00.000Z"
    },
    "email": "doe@gmail.com",
    "contactNo": "+525512345678",
    "emergencyContactNo": "+525512345678",
    "bloodGroup": "B+",
    "presentAddress": "Mexico City",
    "permanentAddress": "Puebla",
    "profileImage": "www.profileImage.com",
    "academicDepartment": {
      "$oid": "65fdb5a9636d39483a9f2b6b"
    },
    "joiningDate": {
      "$date": "2005-04-13T00:00:00.000Z"
    },
    "nationality": "Mexican",
    "religion": "Christianity",
    "isDeleted": false,
    "createdAt": {
      "$date": "2024-04-01T17:00:27.402Z"
    },
    "updatedAt": {
      "$date": "2024-04-01T17:04:27.045Z"
    },
    "__v": 0
  },
  {
    "_id": {
      "$oid": "660aeb294d1cf8201ba30855"
    },
    "id": "F-2005040003",
    "user": {
      "$oid": "660aeb284d1cf8201ba30853"
    },
    "designation": "instructor",
    "name": {
      "firstName": "Mary",
      "middleName": "John",
      "lastName": "Doe",
      "_id": {
        "$oid": "660aeb294d1cf8201ba30856"
      }
    },
    "gender": "female",
    "dateOfBirth": {
      "$date": "1995-05-12T00:00:00.000Z"
    },
    "email": "mary@gmail.com",
    "contactNo": "+525512345671",
    "emergencyContactNo": "+525512345671",
    "bloodGroup": "AB+",
    "presentAddress": "Mexico City",
    "permanentAddress": "Puebla",
    "profileImage": "www.profileImage.com",
    "academicDepartment": {
      "$oid": "65fdb5ed636d39483a9f2b77"
    },
    "joiningDate": {
      "$date": "2005-04-13T00:00:00.000Z"
    },
    "nationality": "Mexican",
    "religion": "Christianity",
    "isDeleted": false,
    "createdAt": {
      "$date": "2024-04-01T17:13:13.641Z"
    },
    "updatedAt": {
      "$date": "2024-04-01T17:13:13.641Z"
    },
    "__v": 0
  },
  {
    "_id": {
      "$oid": "660aeb704d1cf8201ba3085c"
    },
    "id": "F-2005040004",
    "user": {
      "$oid": "660aeb6f4d1cf8201ba3085a"
    },
    "designation": "instructor",
    "name": {
      "firstName": "Jane",
      "lastName": "Smith",
      "_id": {
        "$oid": "660aeb704d1cf8201ba3085d"
      }
    },
    "gender": "female",
    "dateOfBirth": {
      "$date": "1999-02-02T00:00:00.000Z"
    },
    "email": "jane@gmail.com",
    "contactNo": "+525512345673",
    "emergencyContactNo": "+525512345645",
    "bloodGroup": "A-",
    "presentAddress": "Mexico City",
    "permanentAddress": "Puebla",
    "profileImage": "www.profileImage.com",
    "academicDepartment": {
      "$oid": "65fdb5f2636d39483a9f2b79"
    },
    "joiningDate": {
      "$date": "2005-04-13T00:00:00.000Z"
    },
    "nationality": "Mexican",
    "religion": "Jainism",
    "isDeleted": false,
    "createdAt": {
      "$date": "2024-04-01T17:14:24.477Z"
    },
    "updatedAt": {
      "$date": "2024-04-01T17:14:24.477Z"
    },
    "__v": 0
  }
]
