[
  {
    "_id": {
      "$oid": "66084d9361c917d710849814"
    },
    "id": "S-2022010001",
    "user": {
      "$oid": "66084d9261c917d710849812"
    },
    "name": {
      "firstName": "Tanzeebul",
      "lastName": "Tamim",
      "_id": {
        "$oid": "66084d9361c917d710849815"
      }
    },
    "gender": "male",
    "dateOfBirth": {
      "$date": "2001-10-16T00:00:00.000Z"
    },
    "email": "tamim200091@gmail.com",
    "contactNo": "01552140162",
    "emergencyContactNo": "018559524222",
    "bloodGroup": "O+",
    "presentAddress": "Kathalbagan",
    "permanentAddress": "Uttara",
    "guardian": {
      "father": {
        "name": {
          "firstName": "Saleh",
          "middleName": "Uddin",
          "lastName": "Ahmed",
          "_id": {
            "$oid": "66084d9361c917d710849818"
          }
        },
        "occupation": "Service Holder",
        "contactNo": "01712473348",
        "_id": {
          "$oid": "66084d9361c917d710849817"
        }
      },
      "mother": {
        "name": {
          "firstName": "Rehana",
          "lastName": "Najnin",
          "_id": {
            "$oid": "66084d9361c917d71084981a"
          }
        },
        "occupation": "Housewife",
        "contactNo": "01715431652",
        "_id": {
          "$oid": "66084d9361c917d710849819"
        }
      },
      "_id": {
        "$oid": "66084d9361c917d710849816"
      }
    },
    "localGuardian": {
      "name": {
        "firstName": "MD",
        "lastName": "Shahaduzzaman",
        "_id": {
          "$oid": "66084d9361c917d71084981c"
        },
        "middleName": "Emon"
      },
      "occupation": "Unemployed",
      "contactNo": "01715431652",
      "address": "UAE",
      "relationship": "maternal uncle",
      "_id": {
        "$oid": "66084d9361c917d71084981b"
      }
    },
    "profileImage": "www.profileImage.com",
    "admissionSemester": {
      "$oid": "65fdb297fec4a5b4db9ceaa0"
    },
    "academicDepartment": {
      "$oid": "65fdb60b636d39483a9f2b7d"
    },
    "nationality": "Bangladeshi",
    "religion": "Islam",
    "isDeleted": false,
    "createdAt": {
      "$date": "2024-03-30T17:36:19.076Z"
    },
    "updatedAt": {
      "$date": "2024-03-30T19:01:33.649Z"
    },
    "__v": 0
  },
  {
    "_id": {
      "$oid": "66085e63967985bb46ebab9c"
    },
    "id": "S-2021010001",
    "user": {
      "$oid": "66085e62967985bb46ebab9a"
    },
    "name": {
      "firstName": "Mubasshira",
      "middleName": "Ahmed",
      "lastName": "Sara",
      "_id": {
        "$oid": "66085e63967985bb46ebab9d"
      }
    },
    "gender": "female",
    "dateOfBirth": {
      "$date": "2009-05-07T00:00:00.000Z"
    },
    "email": "sara@gmail.com",
    "contactNo": "01552140161",
    "emergencyContactNo": "018559524221",
    "bloodGroup": "B-",
    "presentAddress": "Kathalbagan",
    "permanentAddress": "Uttara",
    "guardian": {
      "father": {
        "name": {
          "firstName": "Saleh",
          "middleName": "Uddin",
          "lastName": "Ahmed",
          "_id": {
            "$oid": "66085e63967985bb46ebaba0"
          }
        },
        "occupation": "Service Holder",
        "contactNo": "01712473348",
        "_id": {
          "$oid": "66085e63967985bb46ebab9f"
        }
      },
      "mother": {
        "name": {
          "firstName": "Rehana",
          "lastName": "Najnin",
          "_id": {
            "$oid": "66085e63967985bb46ebaba2"
          }
        },
        "occupation": "Housewife",
        "contactNo": "01715431652",
        "_id": {
          "$oid": "66085e63967985bb46ebaba1"
        }
      },
      "_id": {
        "$oid": "66085e63967985bb46ebab9e"
      }
    },
    "localGuardian": {
      "name": {
        "firstName": "MD",
        "lastName": "Shahaduzzaman",
        "_id": {
          "$oid": "66085e63967985bb46ebaba4"
        }
      },
      "occupation": "Unemployed",
      "contactNo": "01715431652",
      "address": "Kathalbagan",
      "relationship": "maternal uncle",
      "_id": {
        "$oid": "66085e63967985bb46ebaba3"
      }
    },
    "profileImage": "www.profileImage.com",
    "admissionSemester": {
      "$oid": "65fdb24ffec4a5b4db9cea97"
    },
    "academicDepartment": {
      "$oid": "65fdb54b636d39483a9f2b63"
    },
    "nationality": "Bangladeshi",
    "religion": "Hinduism",
    "isDeleted": false,
    "createdAt": {
      "$date": "2024-03-30T18:48:03.437Z"
    },
    "updatedAt": {
      "$date": "2024-03-30T18:48:03.437Z"
    },
    "__v": 0
  },
  {
    "_id": {
      "$oid": "66085fc6967985bb46ebabd2"
    },
    "id": "S-2021010002",
    "user": {
      "$oid": "66085fc6967985bb46ebabd0"
    },
    "name": {
      "firstName": "Ahmed",
      "lastName": "Shakil",
      "_id": {
        "$oid": "66085fc6967985bb46ebabd3"
      }
    },
    "gender": "male",
    "dateOfBirth": {
      "$date": "2004-02-11T00:00:00.000Z"
    },
    "email": "shakil@gmail.com",
    "contactNo": "01552140166",
    "emergencyContactNo": "018559524226",
    "bloodGroup": "AB-",
    "presentAddress": "Bhainaa",
    "permanentAddress": "Maguraa",
    "guardian": {
      "father": {
        "name": {
          "firstName": "Saleh",
          "middleName": "Uddin",
          "lastName": "Ahmed",
          "_id": {
            "$oid": "66085fc6967985bb46ebabd6"
          }
        },
        "occupation": "Service Holder",
        "contactNo": "01712473348",
        "_id": {
          "$oid": "66085fc6967985bb46ebabd5"
        }
      },
      "mother": {
        "name": {
          "firstName": "Rehana",
          "lastName": "Najnin",
          "_id": {
            "$oid": "66085fc6967985bb46ebabd8"
          }
        },
        "occupation": "Housewife",
        "contactNo": "01715431652",
        "_id": {
          "$oid": "66085fc6967985bb46ebabd7"
        }
      },
      "_id": {
        "$oid": "66085fc6967985bb46ebabd4"
      }
    },
    "localGuardian": {
      "name": {
        "firstName": "MD",
        "lastName": "Shahaduzzaman",
        "_id": {
          "$oid": "66085fc6967985bb46ebabda"
        }
      },
      "occupation": "Unemployed",
      "contactNo": "01715431652",
      "address": "Kathalbagan",
      "relationship": "maternal uncle",
      "_id": {
        "$oid": "66085fc6967985bb46ebabd9"
      }
    },
    "profileImage": "www.profileImage.com",
    "admissionSemester": {
      "$oid": "65fdb24ffec4a5b4db9cea97"
    },
    "academicDepartment": {
      "$oid": "65fdb583636d39483a9f2b67"
    },
    "nationality": "Bangladeshi",
    "religion": "Islam",
    "isDeleted": false,
    "createdAt": {
      "$date": "2024-03-30T18:53:58.803Z"
    },
    "updatedAt": {
      "$date": "2024-03-30T18:53:58.803Z"
    },
    "__v": 0
  },
  {
    "_id": {
      "$oid": "660860e2967985bb46ebac14"
    },
    "id": "S-2021030001",
    "user": {
      "$oid": "660860e1967985bb46ebac12"
    },
    "name": {
      "firstName": "Rahim",
      "lastName": "Faiyaz",
      "_id": {
        "$oid": "660860e2967985bb46ebac15"
      }
    },
    "gender": "male",
    "dateOfBirth": {
      "$date": "2004-02-11T00:00:00.000Z"
    },
    "email": "rahim@gmail.com",
    "contactNo": "01552140169",
    "emergencyContactNo": "018559524229",
    "bloodGroup": "O-",
    "presentAddress": "Bhainaa",
    "permanentAddress": "Maguraa",
    "guardian": {
      "father": {
        "name": {
          "firstName": "Saleh",
          "middleName": "Uddin",
          "lastName": "Ahmed",
          "_id": {
            "$oid": "660860e2967985bb46ebac18"
          }
        },
        "occupation": "Service Holder",
        "contactNo": "01712473348",
        "_id": {
          "$oid": "660860e2967985bb46ebac17"
        }
      },
      "mother": {
        "name": {
          "firstName": "Rehana",
          "lastName": "Najnin",
          "_id": {
            "$oid": "660860e2967985bb46ebac1a"
          }
        },
        "occupation": "Housewife",
        "contactNo": "01715431652",
        "_id": {
          "$oid": "660860e2967985bb46ebac19"
        }
      },
      "_id": {
        "$oid": "660860e2967985bb46ebac16"
      }
    },
    "localGuardian": {
      "name": {
        "firstName": "MD",
        "lastName": "Shahaduzzaman",
        "_id": {
          "$oid": "660860e2967985bb46ebac1c"
        }
      },
      "occupation": "Unemployed",
      "contactNo": "01715431652",
      "address": "Kathalbagan",
      "relationship": "maternal uncle",
      "_id": {
        "$oid": "660860e2967985bb46ebac1b"
      }
    },
    "profileImage": "www.profileImage.com",
    "admissionSemester": {
      "$oid": "65fdb289fec4a5b4db9cea9d"
    },
    "academicDepartment": {
      "$oid": "65fdb5a9636d39483a9f2b6b"
    },
    "nationality": "Mexican",
    "religion": "Christianity",
    "isDeleted": true,
    "createdAt": {
      "$date": "2024-03-30T18:58:42.623Z"
    },
    "updatedAt": {
      "$date": "2024-03-30T19:10:26.000Z"
    },
    "__v": 0
  },
  {
    "_id": {
      "$oid": "66086363967985bb46ebac68"
    },
    "id": "S-2021030002",
    "user": {
      "$oid": "66086362967985bb46ebac66"
    },
    "name": {
      "firstName": "Rahima",
      "lastName": "Faiyaza",
      "_id": {
        "$oid": "66086363967985bb46ebac69"
      }
    },
    "gender": "female",
    "dateOfBirth": {
      "$date": "2003-05-12T00:00:00.000Z"
    },
    "email": "rahima@gmail.com",
    "contactNo": "01552140163",
    "emergencyContactNo": "018559524223",
    "bloodGroup": "A+",
    "presentAddress": "Bhainaa",
    "permanentAddress": "Maguraa",
    "guardian": {
      "father": {
        "name": {
          "firstName": "Saleh",
          "middleName": "Uddin",
          "lastName": "Ahmed",
          "_id": {
            "$oid": "66086363967985bb46ebac6c"
          }
        },
        "occupation": "Service Holder",
        "contactNo": "01712473348",
        "_id": {
          "$oid": "66086363967985bb46ebac6b"
        }
      },
      "mother": {
        "name": {
          "firstName": "Rehana",
          "lastName": "Najnin",
          "_id": {
            "$oid": "66086363967985bb46ebac6e"
          }
        },
        "occupation": "Housewife",
        "contactNo": "01715431652",
        "_id": {
          "$oid": "66086363967985bb46ebac6d"
        }
      },
      "_id": {
        "$oid": "66086363967985bb46ebac6a"
      }
    },
    "localGuardian": {
      "name": {
        "firstName": "MD",
        "middleName": "Hasem",
        "lastName": "Shahaduzzaman",
        "_id": {
          "$oid": "66086363967985bb46ebac70"
        }
      },
      "occupation": "Engineer",
      "contactNo": "01715431652",
      "address": "Kathalbagan",
      "relationship": "maternal uncle",
      "_id": {
        "$oid": "66086363967985bb46ebac6f"
      }
    },
    "profileImage": "www.profileImage.com",
    "admissionSemester": {
      "$oid": "65fdb289fec4a5b4db9cea9d"
    },
    "academicDepartment": {
      "$oid": "65fdb5a9636d39483a9f2b6b"
    },
    "nationality": "Mexican",
    "religion": "Christianity",
    "isDeleted": false,
    "createdAt": {
      "$date": "2024-03-30T19:09:23.369Z"
    },
    "updatedAt": {
      "$date": "2024-03-30T19:09:23.369Z"
    },
    "__v": 0
  },
  {
    "_id": {
      "$oid": "660c98c4bc7c9e1f84a467d0"
    },
    "id": "S-2021020001",
    "user": {
      "$oid": "660c98c3bc7c9e1f84a467ce"
    },
    "name": {
      "firstName": "Shila",
      "lastName": "Mahfuza",
      "_id": {
        "$oid": "660c98c4bc7c9e1f84a467d1"
      }
    },
    "gender": "female",
    "dateOfBirth": {
      "$date": "2001-05-12T00:00:00.000Z"
    },
    "email": "mahfuza@gmail.com",
    "contactNo": "01552140134",
    "emergencyContactNo": "018559524234",
    "bloodGroup": "B-",
    "presentAddress": "Bhainaa",
    "permanentAddress": "Maguraa",
    "guardian": {
      "father": {
        "name": {
          "firstName": "Saleh",
          "middleName": "Uddin",
          "lastName": "Ahmed",
          "_id": {
            "$oid": "660c98c4bc7c9e1f84a467d4"
          }
        },
        "occupation": "Service Holder",
        "contactNo": "01712473348",
        "_id": {
          "$oid": "660c98c4bc7c9e1f84a467d3"
        }
      },
      "mother": {
        "name": {
          "firstName": "Rehana",
          "lastName": "Najnin",
          "_id": {
            "$oid": "660c98c4bc7c9e1f84a467d6"
          }
        },
        "occupation": "Housewife",
        "contactNo": "01715431652",
        "_id": {
          "$oid": "660c98c4bc7c9e1f84a467d5"
        }
      },
      "_id": {
        "$oid": "660c98c4bc7c9e1f84a467d2"
      }
    },
    "localGuardian": {
      "name": {
        "firstName": "MD",
        "middleName": "Hasem",
        "lastName": "Shahaduzzaman",
        "_id": {
          "$oid": "660c98c4bc7c9e1f84a467d8"
        }
      },
      "occupation": "Engineer",
      "contactNo": "01715431652",
      "address": "Kathalbagan",
      "relationship": "maternal uncle",
      "_id": {
        "$oid": "660c98c4bc7c9e1f84a467d7"
      }
    },
    "profileImage": "www.profileImage.com",
    "admissionSemester": {
      "$oid": "65fdb269fec4a5b4db9cea9a"
    },
    "academicDepartment": {
      "$oid": "65fdb5a9636d39483a9f2b6b"
    },
    "nationality": "Indian",
    "religion": "Islam",
    "isDeleted": false,
    "createdAt": {
      "$date": "2024-04-02T23:46:12.170Z"
    },
    "updatedAt": {
      "$date": "2024-04-02T23:46:12.170Z"
    },
    "__v": 0
  }
]
