[{
  "_id": {
    "$oid": "65fdb347636d39483a9f2b51"
  },
  "name": "Faculty of Engineering",
  "createdAt": {
    "$date": "2024-03-22T16:35:19.421Z"
  },
  "updatedAt": {
    "$date": "2024-03-22T16:35:19.421Z"
  },
  "__v": 0
},
{
  "_id": {
    "$oid": "65fdb3bc636d39483a9f2b59"
  },
  "name": "Faculty of Arts & Humanities",
  "createdAt": {
    "$date": "2024-03-22T16:37:16.117Z"
  },
  "updatedAt": {
    "$date": "2024-03-22T16:37:16.117Z"
  },
  "__v": 0
},
{
  "_id": {
    "$oid": "65fdb3a1636d39483a9f2b53"
  },
  "name": "Faculty of Natural Sciences",
  "createdAt": {
    "$date": "2024-03-22T16:36:49.210Z"
  },
  "updatedAt": {
    "$date": "2024-03-22T16:36:49.210Z"
  },
  "__v": 0
},
{
  "_id": {
    "$oid": "65fdb3ac636d39483a9f2b55"
  },
  "name": "Faculty of Business & Economics",
  "createdAt": {
    "$date": "2024-03-22T16:37:00.124Z"
  },
  "updatedAt": {
    "$date": "2024-03-22T16:37:00.124Z"
  },
  "__v": 0
},
{
  "_id": {
    "$oid": "65fdb3b5636d39483a9f2b57"
  },
  "name": "Faculty of Social Sciences",
  "createdAt": {
    "$date": "2024-03-22T16:37:09.796Z"
  },
  "updatedAt": {
    "$date": "2024-03-22T16:37:09.796Z"
  },
  "__v": 0
}]