[
  {
    "_id": {
      "$oid": "65fdb5d9636d39483a9f2b73"
    },
    "name": "Department of Business Administration",
    "academicFaculty": {
      "$oid": "65fdb3ac636d39483a9f2b55"
    },
    "createdAt": {
      "$date": "2024-03-22T16:46:17.954Z"
    },
    "updatedAt": {
      "$date": "2024-03-22T16:46:17.954Z"
    },
    "__v": 0
  },
  {
    "_id": {
      "$oid": "65fdb5a9636d39483a9f2b6b"
    },
    "name": "Department of Biology",
    "academicFaculty": {
      "$oid": "65fdb3a1636d39483a9f2b53"
    },
    "createdAt": {
      "$date": "2024-03-22T16:45:29.574Z"
    },
    "updatedAt": {
      "$date": "2024-03-22T16:45:29.574Z"
    },
    "__v": 0
  },
  {
    "_id": {
      "$oid": "65fdb5ed636d39483a9f2b77"
    },
    "name": "Department of Finance",
    "academicFaculty": {
      "$oid": "65fdb3ac636d39483a9f2b55"
    },
    "createdAt": {
      "$date": "2024-03-22T16:46:37.424Z"
    },
    "updatedAt": {
      "$date": "2024-03-22T16:46:37.424Z"
    },
    "__v": 0
  },
  {
    "_id": {
      "$oid": "65fdb5f2636d39483a9f2b79"
    },
    "name": "Department of Accounting",
    "academicFaculty": {
      "$oid": "65fdb3ac636d39483a9f2b55"
    },
    "createdAt": {
      "$date": "2024-03-22T16:46:42.402Z"
    },
    "updatedAt": {
      "$date": "2024-03-22T16:46:42.402Z"
    },
    "__v": 0
  },
  {
    "_id": {
      "$oid": "65fdb612636d39483a9f2b7f"
    },
    "name": "Department of Political Science",
    "academicFaculty": {
      "$oid": "65fdb3b5636d39483a9f2b57"
    },
    "createdAt": {
      "$date": "2024-03-22T16:47:14.884Z"
    },
    "updatedAt": {
      "$date": "2024-03-22T16:47:14.884Z"
    },
    "__v": 0
  },
  {
    "_id": {
      "$oid": "65fdb619636d39483a9f2b81"
    },
    "name": "Department of Anthropology",
    "academicFaculty": {
      "$oid": "65fdb3b5636d39483a9f2b57"
    },
    "createdAt": {
      "$date": "2024-03-22T16:47:21.167Z"
    },
    "updatedAt": {
      "$date": "2024-03-22T16:47:21.167Z"
    },
    "__v": 0
  },
  {
    "_id": {
      "$oid": "65fdb63c636d39483a9f2b87"
    },
    "name": "Department of Fine Arts",
    "academicFaculty": {
      "$oid": "65fdb3bc636d39483a9f2b59"
    },
    "createdAt": {
      "$date": "2024-03-22T16:47:56.429Z"
    },
    "updatedAt": {
      "$date": "2024-03-22T16:47:56.429Z"
    },
    "__v": 0
  },
  {
    "_id": {
      "$oid": "65fdb54b636d39483a9f2b63"
    },
    "name": "Department of Computer Science & Engineering",
    "academicFaculty": {
      "$oid": "65fdb347636d39483a9f2b51"
    },
    "createdAt": {
      "$date": "2024-03-22T16:43:55.559Z"
    },
    "updatedAt": {
      "$date": "2024-03-22T16:43:55.559Z"
    },
    "__v": 0
  },
  {
    "_id": {
      "$oid": "65fdb5ae636d39483a9f2b6d"
    },
    "name": "Department of Chemistry",
    "academicFaculty": {
      "$oid": "65fdb3a1636d39483a9f2b53"
    },
    "createdAt": {
      "$date": "2024-03-22T16:45:34.961Z"
    },
    "updatedAt": {
      "$date": "2024-03-22T16:45:34.961Z"
    },
    "__v": 0
  },
  {
    "_id": {
      "$oid": "65fdb5e8636d39483a9f2b75"
    },
    "name": "Department of Economics",
    "academicFaculty": {
      "$oid": "65fdb3ac636d39483a9f2b55"
    },
    "createdAt": {
      "$date": "2024-03-22T16:46:32.975Z"
    },
    "updatedAt": {
      "$date": "2024-03-22T16:46:32.975Z"
    },
    "__v": 0
  },
  {
    "_id": {
      "$oid": "65fdb636636d39483a9f2b85"
    },
    "name": "Department of History",
    "academicFaculty": {
      "$oid": "65fdb3bc636d39483a9f2b59"
    },
    "createdAt": {
      "$date": "2024-03-22T16:47:50.148Z"
    },
    "updatedAt": {
      "$date": "2024-03-22T16:47:50.148Z"
    },
    "__v": 0
  },
  {
    "_id": {
      "$oid": "65fdb579636d39483a9f2b65"
    },
    "name": "Department of Electrical Engineering",
    "academicFaculty": {
      "$oid": "65fdb347636d39483a9f2b51"
    },
    "createdAt": {
      "$date": "2024-03-22T16:44:41.413Z"
    },
    "updatedAt": {
      "$date": "2024-03-22T16:44:41.413Z"
    },
    "__v": 0
  },
  {
    "_id": {
      "$oid": "65fdb583636d39483a9f2b67"
    },
    "name": "Department of Mechanical Engineering",
    "academicFaculty": {
      "$oid": "65fdb347636d39483a9f2b51"
    },
    "createdAt": {
      "$date": "2024-03-22T16:44:51.401Z"
    },
    "updatedAt": {
      "$date": "2024-03-22T16:44:51.401Z"
    },
    "__v": 0
  },
  {
    "_id": {
      "$oid": "65fdb58d636d39483a9f2b69"
    },
    "name": "Department of Civil Engineering",
    "academicFaculty": {
      "$oid": "65fdb347636d39483a9f2b51"
    },
    "createdAt": {
      "$date": "2024-03-22T16:45:01.128Z"
    },
    "updatedAt": {
      "$date": "2024-03-22T16:45:01.128Z"
    },
    "__v": 0
  },
  {
    "_id": {
      "$oid": "65fdb5b4636d39483a9f2b6f"
    },
    "name": "Department of Physics",
    "academicFaculty": {
      "$oid": "65fdb3a1636d39483a9f2b53"
    },
    "createdAt": {
      "$date": "2024-03-22T16:45:40.697Z"
    },
    "updatedAt": {
      "$date": "2024-03-22T16:45:40.697Z"
    },
    "__v": 0
  },
  {
    "_id": {
      "$oid": "65fdb5ba636d39483a9f2b71"
    },
    "name": "Department of Mathematics",
    "academicFaculty": {
      "$oid": "65fdb3a1636d39483a9f2b53"
    },
    "createdAt": {
      "$date": "2024-03-22T16:45:46.943Z"
    },
    "updatedAt": {
      "$date": "2024-03-22T16:45:46.943Z"
    },
    "__v": 0
  },
  {
    "_id": {
      "$oid": "65fdb603636d39483a9f2b7b"
    },
    "name": "Department of Psychology",
    "academicFaculty": {
      "$oid": "65fdb3b5636d39483a9f2b57"
    },
    "createdAt": {
      "$date": "2024-03-22T16:46:59.289Z"
    },
    "updatedAt": {
      "$date": "2024-03-22T16:46:59.289Z"
    },
    "__v": 0
  },
  {
    "_id": {
      "$oid": "65fdb60b636d39483a9f2b7d"
    },
    "name": "Department of Sociology",
    "academicFaculty": {
      "$oid": "65fdb3b5636d39483a9f2b57"
    },
    "createdAt": {
      "$date": "2024-03-22T16:47:07.006Z"
    },
    "updatedAt": {
      "$date": "2024-03-22T16:47:07.006Z"
    },
    "__v": 0
  },
  {
    "_id": {
      "$oid": "65fdb62c636d39483a9f2b83"
    },
    "name": "Department of English Literature",
    "academicFaculty": {
      "$oid": "65fdb3bc636d39483a9f2b59"
    },
    "createdAt": {
      "$date": "2024-03-22T16:47:40.398Z"
    },
    "updatedAt": {
      "$date": "2024-03-22T16:47:40.398Z"
    },
    "__v": 0
  },
  {
    "_id": {
      "$oid": "660306abb42461fa0c1ce006"
    },
    "name": "Department of Linguistics",
    "academicFaculty": {
      "$oid": "65fdb3bc636d39483a9f2b59"
    },
    "createdAt": {
      "$date": "2024-03-26T17:32:27.049Z"
    },
    "updatedAt": {
      "$date": "2024-03-26T18:28:59.888Z"
    },
    "__v": 0
  }
]
