[{
  "_id": {
    "$oid": "65fdb24ffec4a5b4db9cea97"
  },
  "name": "Spring",
  "code": "01",
  "year": "2021",
  "startMonth": "January",
  "endMonth": "April",
  "createdAt": {
    "$date": "2024-03-22T16:31:11.293Z"
  },
  "updatedAt": {
    "$date": "2024-03-22T16:31:11.293Z"
  },
  "__v": 0
},
{
  "_id": {
    "$oid": "65fdd2570cbff6a9171ea6e5"
  },
  "name": "Spring",
  "code": "01",
  "year": "2022",
  "startMonth": "January",
  "endMonth": "April",
  "createdAt": {
    "$date": "2024-03-22T18:47:51.234Z"
  },
  "updatedAt": {
    "$date": "2024-03-23T20:49:51.012Z"
  },
  "__v": 0
},
{
  "_id": {
    "$oid": "65fdb289fec4a5b4db9cea9d"
  },
  "name": "Fall",
  "code": "03",
  "year": "2021",
  "startMonth": "September",
  "endMonth": "December",
  "createdAt": {
    "$date": "2024-03-22T16:32:09.445Z"
  },
  "updatedAt": {
    "$date": "2024-03-22T16:32:09.445Z"
  },
  "__v": 0
},
{
  "_id": {
    "$oid": "65fdb269fec4a5b4db9cea9a"
  },
  "name": "Summer",
  "code": "02",
  "year": "2021",
  "startMonth": "May",
  "endMonth": "August",
  "createdAt": {
    "$date": "2024-03-22T16:31:37.736Z"
  },
  "updatedAt": {
    "$date": "2024-03-22T16:31:37.736Z"
  },
  "__v": 0
},
{
  "_id": {
    "$oid": "65fdb297fec4a5b4db9ceaa0"
  },
  "name": "Spring",
  "code": "01",
  "year": "2022",
  "startMonth": "January",
  "endMonth": "April",
  "createdAt": {
    "$date": "2024-03-22T16:32:23.015Z"
  },
  "updatedAt": {
    "$date": "2024-03-22T16:33:52.934Z"
  },
  "__v": 0
},
{
  "_id": {
    "$oid": "66031427047c82156eab27af"
  },
  "name": "Fall",
  "code": "03",
  "year": "2022",
  "startMonth": "September",
  "endMonth": "December",
  "createdAt": {
    "$date": "2024-03-26T18:29:59.912Z"
  },
  "updatedAt": {
    "$date": "2024-03-26T18:29:59.912Z"
  },
  "__v": 0
}]